<?xml version="1.0" encoding="UTF-8"?>
<jcr:root xmlns:sling="http://sling.apache.org/jcr/sling/1.0" xmlns:cq="http://www.day.com/jcr/cq/1.0" xmlns:jcr="http://www.jcp.org/jcr/1.0" xmlns:nt="http://www.jcp.org/jcr/nt/1.0"
    jcr:primaryType="cq:Page">
    <jcr:content
        cq:lastModified="{Date}2019-04-19T14:51:08.680+05:30"
        cq:lastModifiedBy="admin"
        cq:template="/apps/SlingModels/templates/homePageTemplate"
        jcr:primaryType="cq:PageContent"
        jcr:title="HomePage"
        sling:resourceType="SlingModels/components/structure/homePageComponent">
        <iparHeader
            jcr:primaryType="nt:unstructured"
            sling:resourceType="wcm/foundation/components/iparsys">
            <insightscomponent
                jcr:created="{Date}2019-04-17T11:15:38.991+05:30"
                jcr:createdBy="admin"
                jcr:lastModified="{Date}2019-04-17T11:16:44.235+05:30"
                jcr:lastModifiedBy="admin"
                jcr:primaryType="nt:unstructured"
                sling:resourceType="SlingModels/components/content/InsightsComponent"
                logoLink="/content/dam/MockProject/flowers-wallpaper-24.jpg">
                <insights jcr:primaryType="nt:unstructured">
                    <item0
                        jcr:primaryType="nt:unstructured"
                        description="TO THE NEW will be at Adobe Summit, a 3-Day conference being held on 26th March 2019 in Las Vegas."
                        imgLink="/content/dam/MockProject/ttn.jpg"
                        pageLink="/content/MockProject/homepage"
                        title="Page1"/>
                </insights>
            </insightscomponent>
            <insightscomponent_650167080
                jcr:created="{Date}2019-04-17T13:27:53.843+05:30"
                jcr:createdBy="admin"
                jcr:lastModified="{Date}2019-04-17T17:48:37.472+05:30"
                jcr:lastModifiedBy="admin"
                jcr:primaryType="nt:unstructured"
                sling:resourceType="SlingModels/components/content/insightsComponent"
                logoLink="/content/dam/MockProject/flower_pink_petals_bud_close_up_119905_300x168.jpg">
                <insights jcr:primaryType="nt:unstructured">
                    <item0
                        jcr:primaryType="nt:unstructured"
                        description="We solve complex problems using cutting edge technologies"
                        imgLink="/content/dam/MockProject/flower_pink_petals_bud_close_up_119905_300x168.jpg"
                        pageLink="/content/MockProject/emptypage3"
                        title="Shara"/>
                    <item1
                        jcr:primaryType="nt:unstructured"
                        description="Baby Sadie received the world's smallest mechanical heart valve, and her life instantly changed. Today, she's a spunky 3-year-old."
                        imgLink="/content/dam/MockProject/ttn.jpg"
                        pageLink="/content/MockProject/fr"
                        title="Rizvi"/>
                </insights>
            </insightscomponent_650167080>
        </iparHeader>
        <parBanner
            jcr:primaryType="nt:unstructured"
            sling:resourceType="wcm/foundation/components/parsys">
            <footer
                jcr:created="{Date}2019-04-19T11:42:28.607+05:30"
                jcr:createdBy="admin"
                jcr:lastModified="{Date}2019-04-19T14:51:08.668+05:30"
                jcr:lastModifiedBy="admin"
                jcr:primaryType="nt:unstructured"
                sling:resourceType="SlingModels/components/content/footer"
                about="Evno has helped many businesses sell online effectively on online stores by providing an easy and affordable way."
                address="91Springboard, Plot No 23, Maruti Industrial Area, Near SRL labs, Sector 18, Gurugram, Haryana 122015."
                copyRightContent="© Copyright 2018 Evno"
                email="recruiter@evno.in"
                number="87878787878787"
                text="Sell Online, Start A Website">
                <linkstab2 jcr:primaryType="nt:unstructured">
                    <item0
                        jcr:primaryType="nt:unstructured"
                        linkaction="/content/we-retail/ca/en"
                        linkname="About us"/>
                    <item1
                        jcr:primaryType="nt:unstructured"
                        linkaction="/content/we-retail/ca/en"
                        linkname="Features"/>
                    <item2
                        jcr:primaryType="nt:unstructured"
                        linkaction="/content/we-retail/ca/en"
                        linkname="Career"/>
                    <item3
                        jcr:primaryType="nt:unstructured"
                        linkaction="/content/we-retail/ca/en"
                        linkname="Partner with us"/>
                    <item4
                        jcr:primaryType="nt:unstructured"
                        linkaction="/content/we-retail/ca/en"
                        linkname="Contact Us"/>
                </linkstab2>
                <linkstab3 jcr:primaryType="nt:unstructured">
                    <item0
                        jcr:primaryType="nt:unstructured"
                        linkaction="/content/we-retail/ca/en"
                        linkname="FAQ"/>
                    <item1
                        jcr:primaryType="nt:unstructured"
                        linkaction="/content/we-retail/ca/en"
                        linkname="Terms of service"/>
                    <item2
                        jcr:primaryType="nt:unstructured"
                        linkaction="/content/we-retail/ca/en"
                        linkname="StartUp Advisory"/>
                    <item3
                        jcr:primaryType="nt:unstructured"
                        linkaction="/content/we-retail/ca/en"
                        linkname="Our Community"/>
                </linkstab3>
                <linkstab4 jcr:primaryType="nt:unstructured">
                    <item0
                        jcr:primaryType="nt:unstructured"
                        linkaction="/content/we-retail/ca/en"
                        linkname="Mobile App Development"/>
                    <item1
                        jcr:primaryType="nt:unstructured"
                        linkaction="/content/we-retail/ca/en"
                        linkname="Mobile Ecommerce Solutions"/>
                    <item2
                        jcr:primaryType="nt:unstructured"
                        linkaction="/content/we-retail/ca/en"
                        linkname="Ecommerce Web Development"/>
                </linkstab4>
            </footer>
        </parBanner>
    </jcr:content>
</jcr:root>
